District,D Positive Tweet,D Negative Tweet,R Positive Tweet,R Negative Tweet,Raw PVI,2020 Biden %,2020 Trump %,2016 Clinton %,2016 Trump %,D Popularity,R Popularity,Winners
AK00,0.7657657657657657,0.2342342342342342,0.6565217391304348,0.3434782608695652,-8.02,0.428,0.528,0.366,0.513,105000,538880,D
AL01,0.0,0.0,0.6129032258064516,0.3870967741935484,-16.46,0.35200000000000004,0.635,0.33799999999999997,0.629,0,228000,R
AL04,0.6774193548387096,0.3225806451612903,0.8524590163934426,0.1475409836065573,-33.24,0.18600000000000003,0.802,0.18,0.79,138000,7360,R
AL02,0.9,0.1,0.7596153846153846,0.2403846153846154,-17.32,0.34700000000000003,0.6409999999999999,0.32299999999999995,0.648,8000,249000,R
AL03,0.8,0.2,0.9026548672566372,0.0973451327433628,-19.36,0.324,0.664,0.311,0.657,101,2490000,R
AL05,0.9253731343283582,0.0746268656716417,0.935,0.065,-16.67,0.355,0.625,0.308,0.638,2960,451000,R
AL06,0.0,0.0,0.8260869565217391,0.1739130434782608,-18.39,0.342,0.6409999999999999,0.285,0.6679999999999999,0,142000,R
AL07,0.875,0.125,0.8367346938775511,0.1632653061224489,14.11,0.655,0.33399999999999996,0.6409999999999999,0.335,266,7380,D
AR01,0.8018867924528302,0.1981132075471698,0.78,0.22,-22.37,0.281,0.69,0.301,0.65,7770,155000,R
AR02,0.9310344827586208,0.0689655172413793,0.5725806451612904,0.4274193548387097,-9.03,0.42100000000000004,0.552,0.395,0.545,3020,13700000,R
AR04,0.7297297297297297,0.2702702702702703,0.7663551401869159,0.2336448598130841,-19.55,0.31,0.662,0.325,0.629,277000000,11400,R
AR03,0.8863636363636364,0.1136363636363636,0.7894736842105263,0.2105263157894736,-14.91,0.368,0.602,0.318,0.604,182,30100,R
AZ01,0.8225806451612904,0.1774193548387097,0.7557251908396947,0.2442748091603053,-2.01,0.501,0.48700000000000004,0.446,0.488,1270,12800,R
AZ02,0.8645833333333334,0.1354166666666666,0.8115942028985508,0.1884057971014492,-6.35,0.45299999999999996,0.532,0.41100000000000003,0.512,13900,21300,R
AZ03,0.5739130434782609,0.4260869565217391,0.7528089887640449,0.247191011235955,24.02,0.745,0.239,0.7140000000000001,0.215,31400,4500,D
AZ04,0.8105263157894737,0.1894736842105263,0.746268656716418,0.2537313432835821,2.28,0.541,0.439,0.465,0.441,59900,2750000,D
AZ05,0.75,0.25,0.5609756097560976,0.4390243902439024,-11.11,0.41,0.574,0.353,0.5660000000000001,1020000,40800,R
AZ06,0.7428571428571429,0.2571428571428571,0.8083333333333333,0.1916666666666666,-2.65,0.493,0.49200000000000005,0.43799999999999994,0.49,12500,5170,R
AZ07,0.6853932584269663,0.3146067415730337,0.7647058823529411,0.2352941176470588,14.98,0.6559999999999999,0.32899999999999996,0.634,0.298,15100,1790,D
AZ08,0.0,0.0,0.59,0.41,-9.69,0.425,0.561,0.37200000000000005,0.561,0,8430,R
AZ09,0.0,0.0,0.5080645161290323,0.4919354838709677,-15.64,0.364,0.621,0.32299999999999995,0.614,0,32500,R
CA02,0.7565217391304347,0.2434782608695652,0.8620689655172413,0.1379310344827586,23.19,0.735,0.24100000000000002,0.6890000000000001,0.23399999999999999,28800,3880,D
CA03,0.69,0.31,0.7109375,0.2890625,-3.72,0.479,0.49700000000000005,0.425,0.503,40700,69900,R
CA04,0.6875,0.3125,0.7293233082706767,0.2706766917293233,16.72,0.6709999999999999,0.305,0.637,0.293,7910000,313000,D
CA05,0.797979797979798,0.202020202020202,0.7301587301587301,0.2698412698412698,-8.72,0.42700000000000005,0.55,0.39299999999999996,0.546,309000,25200,R
CA06,0.7241379310344828,0.2758620689655172,0.8173913043478261,0.1826086956521739,7.39,0.579,0.39399999999999996,0.5479999999999999,0.38,20600,5810,D
CA07,0.7981651376146789,0.2018348623853211,0.9166666666666666,0.0833333333333333,17.4,0.674,0.303,0.6629999999999999,0.27699999999999997,4820,216,D
CA08,0.4742268041237113,0.5257731958762887,0.9130434782608696,0.0869565217391304,26.09,0.76,0.21899999999999997,0.753,0.19399999999999998,28700,113,D
CA09,0.591304347826087,0.408695652173913,0.3533333333333333,0.6466666666666666,4.58,0.552,0.426,0.5379999999999999,0.408,287000,140000,D
CA11,0.6565656565656566,0.3434343434343434,0.680672268907563,0.3193277310924369,36.7,0.863,0.11699999999999999,0.86,0.08900000000000001,7590000,11100000,D
CA12,0.6909090909090909,0.3090909090909091,0.8666666666666667,0.1333333333333333,39.7,0.893,0.086,0.8759999999999999,0.065,3250000,1820,D
CA13,0.7452830188679245,0.2547169811320754,0.6458333333333334,0.3541666666666667,3.85,0.5429999999999999,0.434,0.534,0.409,56700000,129000,
CA14,0.3529411764705882,0.6470588235294118,0.808695652173913,0.1913043478260869,21.7,0.7170000000000001,0.262,0.706,0.235,44600,37100,D
CA15,0.7354260089686099,0.2645739910313901,0.0,0.0,27.75,0.777,0.204,0.773,0.179,87100,0,D
CA16,0.7831325301204819,0.216867469879518,0.0,0.0,25.63,0.754,0.22399999999999998,0.7440000000000001,0.196,796200,0,D
CA17,0.689922480620155,0.3100775193798449,0.7264150943396226,0.2735849056603773,23.31,0.727,0.253,0.741,0.20199999999999999,47800,5330,D
CA18,0.6105263157894737,0.3894736842105263,0.7088607594936709,0.2911392405063291,21.39,0.7090000000000001,0.26899999999999996,0.715,0.22699999999999998,42700,235000,D
CA19,0.780952380952381,0.219047619047619,0.7165354330708661,0.2834645669291338,18.46,0.6859999999999999,0.29100000000000004,0.664,0.27,9930,49300,D
CA20,0.8163265306122449,0.1836734693877551,0.5760869565217391,0.4239130434782608,-15.59,0.364,0.613,0.318,0.626,43500,3620000,R
CA21,0.6115702479338843,0.3884297520661157,0.8354430379746836,0.1645569620253164,8.7,0.5920000000000001,0.38799999999999996,0.5820000000000001,0.365,1940000,173000,D
CA22,0.7719298245614035,0.2280701754385964,0.9224137931034484,0.0775862068965517,5.07,0.552,0.424,0.552,0.39299999999999996,19600,50600,R
CA23,0.6308724832214765,0.3691275167785235,0.7735849056603774,0.2264150943396226,-7.69,0.439,0.537,0.397,0.546,193000,2500,R
CA24,0.8235294117647058,0.1764705882352941,0.488,0.512,12.57,0.634,0.34299999999999997,0.591,0.34,60200,1300000,D
CA25,0.7454545454545455,0.2545454545454545,0.7297297297297297,0.2702702702702703,6.18,0.5670000000000001,0.413,0.563,0.389,95600,130000,D
CA26,0.7951807228915663,0.2048192771084337,0.8,0.2,7.97,0.589,0.39,0.557,0.384,7770,265000,D
CA27,0.6354166666666666,0.3645833333333333,0.7692307692307693,0.2307692307692307,4.05,0.551,0.42700000000000005,0.519,0.42100000000000004,123000,1580000,R
CA28,0.8181818181818182,0.1818181818181818,0.7555555555555555,0.2444444444444444,15.56,0.66,0.321,0.644,0.299,23000,1410,D
CA29,0.7258883248730964,0.2741116751269035,0.0,0.0,25.79,0.745,0.23199999999999998,0.779,0.166,21900,0,D
CA30,0.6752136752136753,0.3247863247863248,0.0,0.0,22.68,0.722,0.26,0.738,0.20800000000000002,444200,0,D
CA31,0.8117647058823529,0.188235294117647,0.6,0.4,14.83,0.645,0.335,0.657,0.285,24300,2440000,D
CA32,0.3571428571428571,0.6428571428571429,0.931372549019608,0.0686274509803921,19.53,0.695,0.287,0.7,0.249,110000,160,D
CA33,0.8141592920353983,0.1858407079646017,0.6545454545454545,0.3454545454545454,11.71,0.615,0.36200000000000004,0.622,0.32299999999999995,34200,5930000,D
CA35,0.6470588235294118,0.3529411764705882,0.6666666666666666,0.3333333333333333,13.32,0.629,0.349,0.6459999999999999,0.3,212000,1420,D
CA36,0.6923076923076923,0.3076923076923077,0.7086614173228346,0.2913385826771653,20.82,0.71,0.26899999999999996,0.6920000000000001,0.248,83200,5370000,D
CA37,0.7586206896551724,0.2413793103448276,0.0,0.0,36.63,0.857,0.124,0.884,0.073,1622510,0,D
CA38,0.75,0.25,0.7884615384615384,0.2115384615384615,14.33,0.6409999999999999,0.33899999999999997,0.652,0.293,101000,18700,D
CA39,0.8144329896907216,0.1855670103092783,0.8,0.2,11.86,0.62,0.358,0.614,0.327,13500,50500,D
CA40,1.0,0.0,0.8578947368421053,0.1421052631578947,-1.85,0.499,0.48100000000000004,0.45,0.493,21200,75600000,R
CA41,0.7863247863247863,0.2136752136752136,0.6893203883495146,0.3106796116504854,-3.17,0.486,0.496,0.446,0.506,781000,24700,R
CA42,0.6068376068376068,0.3931623931623931,0.7803030303030303,0.2196969696969697,22.38,0.7170000000000001,0.259,0.723,0.21600000000000003,2360000,47500,D
CA43,0.52,0.48,0.5272727272727272,0.4727272727272727,31.99,0.8079999999999999,0.17,0.841,0.114,91200,94100,D
CA44,0.7592592592592593,0.2407407407407407,0.7142857142857143,0.2857142857142857,24.0,0.7290000000000001,0.247,0.7559999999999999,0.191,2340,22000000,D
CA45,0.7719298245614035,0.2280701754385964,0.6442953020134228,0.3557046979865771,2.14,0.521,0.46,0.5379999999999999,0.406,90200,185000,R
CA46,0.7913043478260869,0.208695652173913,0.6065573770491803,0.3934426229508196,14.93,0.6409999999999999,0.337,0.6679999999999999,0.273,22700,57500,D
CA47,0.8067226890756303,0.1932773109243697,0.79,0.21,3.28,0.545,0.434,0.507,0.433,340000,13900,D
CA49,0.8181818181818182,0.1818181818181818,0.6237623762376238,0.3762376237623762,3.14,0.546,0.43200000000000005,0.49700000000000005,0.441,129000,7250,D
CA50,0.7017543859649122,0.2982456140350877,0.7777777777777778,0.2222222222222222,14.38,0.654,0.322,0.605,0.332,284000,5230,D
CA51,0.7319587628865979,0.268041237113402,0.674074074074074,0.3259259259259259,11.56,0.625,0.35200000000000004,0.584,0.354,102000,6780,D
CA01,0.7478260869565218,0.2521739130434782,0.6608695652173913,0.3391304347826087,-12.21,0.39299999999999996,0.583,0.35600000000000004,0.583,166000,7240,R
CA52,0.8275862068965517,0.1724137931034483,0.96875,0.03125,18.28,0.674,0.305,0.7070000000000001,0.24100000000000002,3590000,264,D
CA48,0.9551282051282052,0.0448717948717948,0.6962025316455697,0.3037974683544304,-9.33,0.42700000000000005,0.55,0.37200000000000005,0.5710000000000001,4520,38400,R
CA10,0.7419354838709677,0.2580645161290322,0.0,0.0,17.91,0.6859999999999999,0.293,0.6509999999999999,0.289,10600,0,D
CA34,0.7325581395348837,0.2674418604651162,0.0,0.0,32.46,0.81,0.16699999999999998,0.84,0.10300000000000001,41859000,0,D
CO02,0.775,0.225,0.7610619469026548,0.2389380530973451,17.5,0.6859999999999999,0.28800000000000003,0.609,0.304,13200,108000,D
CO03,0.7083333333333334,0.2916666666666667,0.6170212765957447,0.3829787234042553,-7.06,0.447,0.529,0.39,0.531,76300,464000,
CO04,0.7266187050359713,0.2733812949640288,0.6576576576576577,0.3423423423423423,-12.84,0.395,0.58,0.321,0.596,999,139000,R
CO05,0.7,0.3,0.4285714285714285,0.5714285714285714,-8.94,0.431,0.532,0.341,0.5589999999999999,8010000,8370,R
CO06,0.7904761904761904,0.2095238095238095,0.7767857142857143,0.2232142857142857,9.01,0.606,0.368,0.523,0.391,109000,14700,D
CO07,0.8278688524590164,0.1721311475409836,0.8157894736842105,0.1842105263157894,3.89,0.557,0.415,0.47,0.441,7280,4140,D
CO01,0.6551724137931034,0.3448275862068966,0.9523809523809524,0.0476190476190476,28.92,0.795,0.182,0.736,0.18899999999999997,14200,78,D
CO08,0.8214285714285714,0.1785714285714285,0.7761194029850746,0.2238805970149253,-0.45,0.508,0.462,0.446,0.46399999999999997,9590,5680,D
CT01,0.8,0.2,0.5952380952380952,0.4047619047619047,11.75,0.633,0.35200000000000004,0.594,0.36200000000000004,311000,1630,D
CT02,0.75,0.25,0.7096774193548387,0.2903225806451613,2.86,0.547,0.43200000000000005,0.488,0.45399999999999996,419000,16100000,D
CT03,0.6956521739130435,0.3043478260869565,0.8918918918918919,0.1081081081081081,7.32,0.5920000000000001,0.395,0.55,0.41100000000000003,19900,164,D
CT04,0.6956521739130435,0.3043478260869565,0.6779661016949152,0.3220338983050847,13.07,0.649,0.337,0.602,0.35700000000000004,83400,5900,D
CT05,0.7425742574257426,0.2574257425742574,0.7613636363636364,0.2386363636363636,2.66,0.546,0.439,0.499,0.457,23600,1620000,D
DE00,0.7684210526315789,0.231578947368421,0.6363636363636364,0.3636363636363636,6.74,0.5870000000000001,0.39799999999999996,0.531,0.41700000000000004,61100,2410000,D
FL02,0.9019607843137256,0.0980392156862745,0.7340425531914894,0.2659574468085106,-7.7,0.439,0.5479999999999999,0.419,0.5379999999999999,165000,50200,R
FL03,0.7419354838709677,0.2580645161290322,0.5080645161290323,0.4919354838709677,-9.24,0.424,0.564,0.406,0.5529999999999999,22700,12300,R
FL04,0.9222222222222224,0.0777777777777777,0.8617021276595744,0.1382978723404255,-5.88,0.45899999999999996,0.526,0.429,0.5329999999999999,485,104000,R
FL05,0.0,0.0,0.6666666666666666,0.3333333333333333,-10.86,0.414,0.5710000000000001,0.366,0.585,0,422000,R
FL06,0.0,0.0,0.71875,0.28125,-13.97,0.377,0.613,0.365,0.599,0,119000,R
FL07,0.7037037037037037,0.2962962962962963,0.6771653543307087,0.3228346456692913,-5.1,0.466,0.521,0.43700000000000006,0.514,22300000,51400,R
FL08,0.8163265306122449,0.1836734693877551,0.4014084507042254,0.5985915492957746,-11.37,0.405,0.581,0.373,0.579,57200,58700,R
FL09,0.6125,0.3875,0.5689655172413793,0.4310344827586206,8.06,0.581,0.40700000000000003,0.61,0.34700000000000003,34600,34700,D
FL10,0.6942148760330579,0.3057851239669421,0.907563025210084,0.0924369747899159,14.31,0.6509999999999999,0.335,0.636,0.314,75800,2220,D
FL11,0.801980198019802,0.198019801980198,0.7431192660550459,0.2568807339449541,-8.04,0.441,0.5489999999999999,0.40700000000000003,0.557,271,183000,R
FL12,0.8404255319148937,0.1595744680851064,0.7325581395348837,0.2674418604651162,-16.58,0.35100000000000003,0.638,0.337,0.62,131000,7030,R
FL13,0.8522727272727273,0.1477272727272727,0.6779661016949152,0.3220338983050847,-5.57,0.46,0.527,0.43700000000000006,0.515,243000,580000,R
FL14,0.4426229508196721,0.5573770491803278,0.788235294117647,0.2117647058823529,8.13,0.588,0.397,0.583,0.36700000000000005,17100,20300000,D
FL15,0.8780487804878049,0.1219512195121951,0.7792207792207793,0.2207792207792207,-3.67,0.47700000000000004,0.509,0.457,0.496,17900,136000,R
FL16,0.4666666666666667,0.5333333333333333,0.5504587155963303,0.4495412844036697,-6.99,0.45,0.5379999999999999,0.415,0.54,440000,13000,R
FL17,0.7373737373737373,0.2626262626262626,0.6746987951807228,0.3253012048192771,-10.15,0.41600000000000004,0.575,0.39899999999999997,0.564,17400,7980,R
FL18,0.0,0.0,0.803921568627451,0.196078431372549,-13.39,0.38,0.608,0.374,0.5870000000000001,0,3330000,R
FL21,0.8378378378378378,0.1621621621621621,0.6756756756756757,0.3243243243243243,-6.85,0.449,0.5429999999999999,0.43200000000000005,0.534,116,56200,R
FL22,0.8157894736842105,0.1842105263157894,0.8454545454545455,0.1545454545454545,7.26,0.584,0.408,0.5870000000000001,0.385,9990,2160,D
FL23,0.8671875,0.1328125,0.6607142857142857,0.3392857142857143,4.81,0.562,0.431,0.557,0.415,7580,45200,D
FL01,0.5423728813559322,0.4576271186440678,0.6404494382022472,0.3595505617977528,-19.31,0.32899999999999996,0.6509999999999999,0.28300000000000003,0.662,43700,70300,R
FL24,0.7007874015748031,0.2992125984251969,0.8823529411764706,0.1176470588235294,24.64,0.741,0.251,0.8059999999999999,0.172,14800,104000,D
FL25,0.59375,0.40625,0.7850467289719626,0.2149532710280373,9.2,0.595,0.397,0.627,0.34299999999999997,39900,3230,D
FL26,0.8768115942028986,0.1231884057971014,0.8636363636363636,0.1363636363636363,-8.41,0.405,0.588,0.503,0.46799999999999997,4520,16600,R
FL27,0.6944444444444444,0.3055555555555556,0.8571428571428571,0.1428571428571428,0.15,0.495,0.498,0.569,0.397,10100,18200,R
FL19,0.6052631578947368,0.3947368421052631,0.5894736842105263,0.4105263157894737,-12.91,0.391,0.601,0.368,0.6,448,48300,R
FL20,0.8412698412698413,0.1587301587301587,0.6386554621848739,0.361344537815126,25.1,0.758,0.23399999999999999,0.774,0.203,2930,5100,D
FL28,0.87,0.13,0.7272727272727273,0.2727272727272727,-2.36,0.465,0.528,0.56,0.405,3550,147000,R
GA01,0.7941176470588235,0.2058823529411764,0.6373626373626373,0.3626373626373626,-9.19,0.426,0.56,0.40399999999999997,0.569,13800,149000,R
GA02,0.5955056179775281,0.4044943820224719,0.8292682926829268,0.1707317073170731,3.11,0.547,0.444,0.536,0.445,29000,55500000,D
GA03,0.8198198198198198,0.1801801801801801,0.7590361445783133,0.2409638554216867,-17.99,0.34299999999999997,0.644,0.308,0.6629999999999999,459,196000,R
GA04,0.66,0.34,0.5925925925925926,0.4074074074074074,26.64,0.7829999999999999,0.20600000000000002,0.747,0.22399999999999998,130000,77200,D
GA05,0.7563025210084033,0.2436974789915966,0.725,0.275,31.65,0.8270000000000001,0.161,0.807,0.159,5820,863,D
GA07,0.5319148936170213,0.4680851063829787,0.8151260504201681,0.1848739495798319,9.64,0.623,0.365,0.551,0.41100000000000003,11700,13800,D
GA08,0.7843137254901961,0.2156862745098039,0.7798165137614679,0.2201834862385321,-16.37,0.35700000000000004,0.633,0.336,0.643,6320,7070000,R
GA09,0.74,0.26,0.6814159292035398,0.3185840707964602,-22.26,0.304,0.6829999999999999,0.256,0.711,8550000,116000,R
GA10,0.7037037037037037,0.2962962962962963,0.7327586206896551,0.2672413793103448,-14.6,0.377,0.611,0.34,0.629,12700,5980000,R
GA11,0.8269230769230769,0.173076923076923,0.6559139784946236,0.3440860215053763,-11.03,0.415,0.568,0.355,0.602,46200,8760,R
GA12,0.7575757575757576,0.2424242424242424,0.7549019607843137,0.2450980392156862,-7.52,0.44299999999999995,0.545,0.42200000000000004,0.5539999999999999,12300000,1280000,R
GA13,0.5419847328244275,0.4580152671755725,0.7448979591836735,0.2551020408163265,27.87,0.797,0.193,0.762,0.21600000000000003,43100000,12000,D
GA14,0.6822429906542056,0.3177570093457944,0.594059405940594,0.4059405940594059,-21.77,0.307,0.6809999999999999,0.26899999999999996,0.7020000000000001,118000,582000,R
GA06,0.8849557522123894,0.1150442477876106,0.9798994974874372,0.0201005025125628,-11.08,0.418,0.5660000000000001,0.344,0.61,9630000,43900,R
HI02,0.7905405405405406,0.2094594594594594,0.7319587628865979,0.268041237113402,13.7,0.636,0.341,0.614,0.29600000000000004,5880,3570,D
HI01,0.6527777777777778,0.3472222222222222,0.8333333333333334,0.1666666666666666,13.6,0.639,0.345,0.631,0.305,53900000,1900,D
IA01,0.7310924369747899,0.2689075630252101,0.6990291262135923,0.3009708737864077,-3.49,0.475,0.504,0.44799999999999995,0.479,4160,13200,R
IA02,0.7,0.3,0.6371681415929203,0.3628318584070796,-4.27,0.46799999999999997,0.512,0.441,0.48700000000000004,20700,21800,R
IA03,0.6907216494845361,0.3092783505154639,0.8241758241758241,0.1758241758241758,-2.52,0.488,0.49200000000000005,0.44799999999999995,0.478,19800,32000,R
IA04,0.7711864406779662,0.2288135593220339,0.72,0.28,-15.52,0.361,0.62,0.332,0.602,73200,9730,R
ID01,0.8220338983050848,0.1779661016949152,0.6936936936936937,0.3063063063063063,-22.18,0.295,0.677,0.25,0.6409999999999999,14500,4940,R
ID02,0.7837837837837838,0.2162162162162162,0.7207207207207207,0.2792792792792792,-14.5,0.369,0.599,0.299,0.544,73600,923000,R
IL01,0.8842975206611571,0.1157024793388429,0.7289719626168224,0.2710280373831775,20.38,0.705,0.281,0.7190000000000001,0.24,4430000,151000,D
IL03,0.7816091954022989,0.2183908045977011,0.7555555555555555,0.2444444444444444,19.81,0.6970000000000001,0.28300000000000003,0.691,0.24600000000000002,18100,593,D
IL04,0.6956521739130435,0.3043478260869565,0.8571428571428571,0.1428571428571428,22.46,0.722,0.259,0.7240000000000001,0.217,22200,90,D
IL05,0.7653061224489796,0.2346938775510204,0.6825396825396826,0.3174603174603174,18.34,0.69,0.292,0.655,0.273,87700,39600,D
IL06,0.6538461538461539,0.3461538461538461,0.6116504854368932,0.3883495145631068,3.28,0.545,0.436,0.507,0.424,23000,5650,D
IL07,0.6382978723404256,0.3617021276595745,0.0,0.0,35.72,0.856,0.128,0.858,0.098,1940000,0,D
IL08,0.7768595041322314,0.2231404958677686,0.672,0.328,6.0,0.568,0.414,0.546,0.389,17100,2930,D
IL09,0.6708860759493671,0.3291139240506329,0.6,0.4,19.44,0.6990000000000001,0.285,0.682,0.258,1910,65900,D
IL10,0.7238095238095238,0.2761904761904762,0.8214285714285714,0.1785714285714285,10.98,0.62,0.361,0.5770000000000001,0.349,114000,18700,D
IL11,0.8058252427184466,0.1941747572815534,0.8152866242038217,0.1847133757961783,5.3,0.5660000000000001,0.413,0.517,0.41100000000000003,4530000,2370,D
IL12,0.8985507246376812,0.1014492753623188,0.7142857142857143,0.2857142857142857,-23.96,0.27699999999999997,0.705,0.26,0.685,3920,24100,R
IL13,0.864406779661017,0.135593220338983,0.7207207207207207,0.2792792792792792,3.44,0.544,0.43200000000000005,0.506,0.423,4170,3200,D
IL14,0.75,0.25,0.79,0.21,3.56,0.547,0.433,0.507,0.42100000000000004,105000,1570,D
IL15,0.79,0.21,0.6875,0.3125,-21.95,0.29600000000000004,0.684,0.27699999999999997,0.66,3270000,2890000,R
IL16,1.0,0.0,0.7431192660550459,0.2568807339449541,-13.46,0.381,0.596,0.34299999999999997,0.58,126,5140,R
IL17,0.5597014925373134,0.4402985074626865,0.9798994974874372,0.0201005025125628,1.91,0.527,0.449,0.496,0.429,51900,23100,D
IL02,0.7522935779816514,0.2477064220183486,0.6568627450980392,0.3431372549019608,18.76,0.693,0.293,0.691,0.268,842000,708000,D
IN01,0.823076923076923,0.1769230769230769,0.3229166666666667,0.6770833333333334,2.77,0.534,0.45,0.53,0.41200000000000003,10500,116000,D
IN02,0.7844827586206896,0.2155172413793103,0.632183908045977,0.367816091954023,-13.95,0.37799999999999995,0.604,0.34299999999999997,0.594,815,1850,R
IN03,0.7127659574468085,0.2872340425531915,0.6138613861386139,0.3861386138613861,-17.97,0.34,0.639,0.299,0.64,100000,1950000,R
IN04,0.7899159663865546,0.2100840336134453,0.8,0.2,-17.72,0.34299999999999997,0.634,0.29600000000000004,0.636,23200000,86900,R
IN05,0.7747747747747747,0.2252252252252252,0.6944444444444444,0.3055555555555556,-11.21,0.41,0.57,0.349,0.583,8370,4470,R
IN06,0.8113207547169812,0.1886792452830188,0.6637931034482759,0.3362068965517241,-19.18,0.33,0.649,0.282,0.653,3610,126000,R
IN07,0.7333333333333333,0.2666666666666666,0.7843137254901961,0.2156862745098039,18.95,0.703,0.27899999999999997,0.647,0.29,82300,115,D
IN08,0.8,0.2,0.6637931034482759,0.3362068965517241,-19.02,0.327,0.655,0.302,0.643,40400,4440,R
IN09,0.8585858585858586,0.1414141414141414,0.8380952380952381,0.1619047619047619,-16.18,0.354,0.628,0.331,0.614,15300,1980,R
KS01,0.8384615384615385,0.1615384615384615,0.7610619469026548,0.2389380530973451,-17.87,0.341,0.637,0.29600000000000004,0.635,20700000,15700,R
KS03,0.6902654867256637,0.3097345132743362,0.7524752475247525,0.2475247524752475,-1.0,0.512,0.467,0.429,0.48200000000000004,16200,17000,D
KS02,0.7764705882352941,0.2235294117647059,0.69,0.31,-10.77,0.40700000000000003,0.57,0.369,0.556,275000,4260,R
KS04,0.7108433734939759,0.2891566265060241,0.6306306306306306,0.3693693693693693,-13.99,0.38,0.597,0.32299999999999995,0.5920000000000001,200000,36600,R
KY03,0.7798165137614679,0.2201834862385321,0.8181818181818182,0.1818181818181818,8.62,0.6,0.377,0.551,0.396,18900,198000,D
KY05,0.5573770491803278,0.4426229508196721,0.7232142857142857,0.2767857142857143,-32.24,0.19699999999999998,0.79,0.185,0.785,102,80800,R
KY06,0.8406593406593407,0.1593406593406593,0.7545454545454545,0.2454545454545454,-8.54,0.435,0.545,0.382,0.5579999999999999,237000,151000,R
KY01,0.8661417322834646,0.1338582677165354,0.6611570247933884,0.3388429752066115,-23.99,0.27899999999999997,0.706,0.259,0.7020000000000001,303,232000,R
KY02,0.85,0.15,0.7931034482758621,0.2068965517241379,-21.12,0.309,0.674,0.278,0.6759999999999999,682,21700,R
KY04,0.7983870967741935,0.2016129032258064,0.898876404494382,0.1011235955056179,-19.34,0.327,0.654,0.289,0.6559999999999999,27800,30700,R
LA01,0.776,0.224,0.5625,0.4375,-22.75,0.293,0.688,0.261,0.693,68600,77400,R
LA02,0.6875,0.3125,0.75,0.25,24.91,0.7559999999999999,0.228,0.746,0.222,197000,341000,D
LA03,0.8316831683168316,0.1683168316831683,0.638676844783715,0.361323155216285,-21.25,0.303,0.68,0.293,0.672,1140,261090,R
LA04,0.0,0.0,0.7777777777777778,0.2222222222222222,-14.15,0.37200000000000005,0.613,0.37,0.603,0,20800000,R
LA05,0.723404255319149,0.2765957446808511,0.7341040462427746,0.2658959537572254,-16.97,0.344,0.6409999999999999,0.344,0.632,27110,17360,R
LA06,0.0,0.0,0.7457627118644068,0.2542372881355932,-19.48,0.322,0.659,0.302,0.655,0,13450,R
MA01,0.7663551401869159,0.2336448598130841,0.8125,0.1875,8.68,0.596,0.38,0.5489999999999999,0.374,431000,1080,D
MA02,0.7117117117117117,0.2882882882882883,0.7012987012987013,0.2987012987012987,13.08,0.64,0.33299999999999996,0.575,0.33899999999999997,87400,297,D
MA03,0.7913043478260869,0.208695652173913,0.625,0.375,11.41,0.624,0.35100000000000003,0.5670000000000001,0.354,12100,35700,D
MA04,0.6179775280898876,0.3820224719101123,0.0,0.0,11.94,0.63,0.34700000000000003,0.5760000000000001,0.35,4850,0,D
MA06,0.6530612244897959,0.3469387755102041,0.7043478260869566,0.2956521739130435,11.01,0.626,0.35200000000000004,0.5539999999999999,0.373,23400,93000000,D
MA07,0.5740740740740741,0.4259259259259259,0.7024793388429752,0.2975206611570248,35.0,0.852,0.13,0.8320000000000001,0.11599999999999999,49600,16700,D
MA08,0.7363636363636363,0.2636363636363636,0.7628865979381443,0.2371134020618556,15.26,0.6659999999999999,0.313,0.605,0.32899999999999996,463000,275000,D
MA09,0.7652173913043478,0.2347826086956521,0.7814569536423841,0.2185430463576159,6.3,0.58,0.39899999999999997,0.514,0.415,70100,11200000,D
MA05,0.8076923076923077,0.1923076923076923,0.6063829787234043,0.3936170212765957,23.35,0.7440000000000001,0.235,0.6859999999999999,0.249,172000,1220,D
MD01,0.7391304347826086,0.2608695652173913,0.7109375,0.2890625,-10.6,0.415,0.5589999999999999,0.35600000000000004,0.586,3510,1300000,R
MD02,0.7627118644067796,0.2372881355932203,0.6633663366336634,0.3366336633663366,7.47,0.589,0.38299999999999995,0.523,0.41200000000000003,6200,289,D
MD03,0.8172043010752689,0.1827956989247312,0.8269230769230769,0.173076923076923,9.62,0.612,0.359,0.532,0.395,13500,375,D
MD04,0.8525641025641025,0.1474358974358974,0.6178861788617886,0.3821138211382114,39.51,0.892,0.086,0.892,0.07400000000000001,13000,1710000,D
MD05,0.4024390243902439,0.5975609756097561,0.7156862745098039,0.284313725490196,15.08,0.67,0.307,0.5920000000000001,0.353,99500,799,D
MD06,0.8780487804878049,0.1219512195121951,0.65,0.35,1.97,0.536,0.43799999999999994,0.474,0.462,26100,7020,D
MD07,0.8348623853211009,0.1651376146788991,0.8723404255319149,0.1276595744680851,30.11,0.805,0.174,0.777,0.17600000000000002,4920,141000,D
MD08,0.7747747747747747,0.2252252252252252,0.8207547169811321,0.1792452830188679,29.5,0.799,0.17800000000000002,0.757,0.184,87700,17200,D
ME01,0.6435643564356436,0.3564356435643564,1.0,0.0,8.76,0.6,0.37200000000000005,0.5379999999999999,0.39399999999999996,11100,368,D
ME02,0.9390862944162436,0.0609137055837563,0.8214285714285714,0.1785714285714285,-5.56,0.455,0.516,0.41600000000000004,0.506,594000,10300,D
MI01,0.8415841584158416,0.1584158415841584,0.5981308411214953,0.4018691588785046,-12.59,0.39299999999999996,0.591,0.35600000000000004,0.589,643,55200,R
MI02,0.7378640776699029,0.2621359223300971,0.7619047619047619,0.238095238095238,-16.47,0.35,0.632,0.32899999999999996,0.609,10700,4250,R
MI03,0.848,0.152,0.6476190476190476,0.3523809523809524,1.28,0.5329999999999999,0.44799999999999995,0.467,0.466,7910,187000,D
MI04,0.8632478632478633,0.1367521367521367,0.6511627906976745,0.3488372093023256,-4.74,0.47100000000000003,0.51,0.42200000000000004,0.516,118000,11000,R
MI05,0.7480314960629921,0.2519685039370078,0.7540983606557377,0.2459016393442623,-14.55,0.371,0.612,0.345,0.599,8860,8850,R
MI06,0.7416666666666667,0.2583333333333333,0.5035971223021583,0.4964028776978417,10.89,0.627,0.36,0.58,0.37200000000000005,19700,1060,D
MI07,0.7301587301587301,0.2698412698412698,0.5656565656565656,0.4343434343434343,-2.12,0.496,0.48700000000000004,0.451,0.489,22700,397000,D
MI08,0.7192982456140351,0.2807017543859649,0.6548672566371682,0.3451327433628318,-1.07,0.503,0.48200000000000004,0.48,0.469,3070,340000,D
MI09,0.6616541353383458,0.3383458646616541,0.7352941176470589,0.2647058823529412,-17.54,0.345,0.64,0.309,0.64,8680,15100,R
MI10,0.6846846846846847,0.3153153153153153,0.7699115044247787,0.2300884955752212,-3.05,0.489,0.498,0.451,0.504,2060,105000000,R
MI11,0.7692307692307693,0.2307692307692307,0.75,0.25,7.38,0.593,0.39399999999999996,0.545,0.406,56300,91500,D
MI12,0.7157894736842105,0.2842105263157894,0.717391304347826,0.2826086956521739,22.55,0.737,0.252,0.718,0.24600000000000002,53000,184000,D
MI13,0.65625,0.34375,0.7123287671232876,0.2876712328767123,23.47,0.742,0.24600000000000002,0.741,0.22699999999999998,7080,176,D
MN01,0.8650793650793651,0.1349206349206349,0.6974789915966386,0.3025210084033613,-7.41,0.442,0.534,0.385,0.524,2960,2050,R
MN02,0.6890756302521008,0.3109243697478991,0.5428571428571428,0.4571428571428571,0.61,0.524,0.452,0.45,0.46,49500,3840,D
MN03,0.6875,0.3125,0.75,0.25,7.54,0.593,0.384,0.511,0.401,237000,9380,D
MN04,0.7454545454545455,0.2545454545454545,0.8428571428571429,0.1571428571428571,16.61,0.675,0.302,0.611,0.3,17300,1080,D
MN05,0.6019417475728155,0.3980582524271844,0.773109243697479,0.226890756302521,29.73,0.8029999999999999,0.174,0.733,0.18100000000000002,152000,9200,D
MN06,0.7894736842105263,0.2105263157894736,0.5148514851485149,0.4851485148514851,-11.99,0.4,0.5760000000000001,0.33799999999999997,0.575,8570,67800,R
MN07,0.7454545454545455,0.2545454545454545,0.7027027027027027,0.2972972972972973,-19.26,0.324,0.6559999999999999,0.293,0.632,584,4700,R
MN08,0.7547169811320755,0.2452830188679245,0.8016528925619835,0.1983471074380165,-8.04,0.433,0.545,0.395,0.523,27700,6050,R
MO02,0.7428571428571429,0.2571428571428571,0.7213114754098361,0.2786885245901639,-7.1,0.45299999999999996,0.531,0.39299999999999996,0.5579999999999999,1460,99100,R
MO03,0.9529411764705882,0.0470588235294117,0.4571428571428571,0.5428571428571428,-16.03,0.36,0.621,0.32,0.629,17900,5270,R
MO04,0.8285714285714286,0.1714285714285714,0.7457627118644068,0.2542372881355932,-22.62,0.292,0.688,0.266,0.682,61400,56700,R
MO05,0.6631578947368421,0.3368421052631579,0.7346938775510204,0.2653061224489796,10.78,0.622,0.358,0.575,0.371,8870,14300,D
MO06,0.8333333333333334,0.1666666666666666,0.6611570247933884,0.3388429752066115,-21.19,0.306,0.677,0.28300000000000003,0.6659999999999999,6310000,159000,R
MO07,0.8076923076923077,0.1923076923076923,0.693069306930693,0.3069306930693069,-23.76,0.284,0.698,0.248,0.7020000000000001,846,2940,R
MO08,0.8174603174603174,0.1825396825396825,0.7350427350427351,0.2649572649572649,-28.1,0.23600000000000002,0.7490000000000001,0.22699999999999998,0.735,374,21200000,R
MO01,0.59375,0.40625,0.7164179104477612,0.2835820895522388,27.32,0.784,0.2,0.7490000000000001,0.209,40400,20500000,D
MS02,0.6124031007751938,0.3875968992248062,0.6416666666666667,0.3583333333333333,11.19,0.625,0.364,0.623,0.364,69800,713000,D
MS03,0.6153846153846154,0.3846153846153846,0.5474452554744526,0.4525547445255474,-14.74,0.37200000000000005,0.615,0.35200000000000004,0.628,2000,18700000,R
MS04,0.7007874015748031,0.2992125984251969,0.8666666666666667,0.1333333333333333,-21.74,0.303,0.6829999999999999,0.281,0.695,16300,18600,R
MS01,0.3401015228426396,0.6598984771573604,0.6637168141592921,0.336283185840708,-18.35,0.33399999999999996,0.6509999999999999,0.32,0.6579999999999999,178000,169000,R
MT01,0.6712328767123288,0.3287671232876712,0.6759259259259259,0.324074074074074,-6.22,0.45299999999999996,0.522,0.402,0.52,7060,54600,R
MT02,0.7087378640776699,0.2912621359223301,0.7786885245901639,0.221311475409836,-16.3,0.353,0.622,0.315,0.611,2640,18100,R
NC03,0.7480314960629921,0.2519685039370078,0.7431192660550459,0.2568807339449541,-14.98,0.366,0.619,0.353,0.614,2480,335000,R
NC07,0.7415730337078652,0.2584269662921348,0.7459016393442623,0.2540983606557377,-8.49,0.43,0.557,0.41700000000000004,0.546,4990000,4160,R
NC09,0.782608695652174,0.217391304347826,0.801980198019802,0.198019801980198,-6.08,0.45299999999999996,0.532,0.441,0.523,3290000,2480000,R
NC11,0.9328859060402684,0.0671140939597315,0.7686567164179104,0.2313432835820895,-7.83,0.441,0.5429999999999999,0.401,0.552,16300,74000,R
NC01,0.7966101694915254,0.2033898305084746,0.8448275862068966,0.1551724137931034,2.05,0.531,0.45799999999999996,0.536,0.43799999999999994,36600000,1160000,D
NC02,0.8478260869565217,0.1521739130434782,0.8153846153846154,0.1846153846153846,11.89,0.634,0.34700000000000003,0.5820000000000001,0.36200000000000004,120000,7170,D
NC04,0.7538461538461538,0.2461538461538461,0.6923076923076923,0.3076923076923077,15.76,0.6679999999999999,0.318,0.65,0.31,1960,386,D
NC05,0.575,0.425,0.5128205128205128,0.4871794871794871,-12.99,0.387,0.599,0.36700000000000005,0.5920000000000001,30600,31600,R
NC06,0.7540983606557377,0.2459016393442623,0.7469879518072289,0.253012048192771,4.08,0.555,0.431,0.534,0.429,23900,47400,D
NC08,0.75,0.25,0.7051282051282052,0.2948717948717949,-19.63,0.32299999999999995,0.664,0.301,0.664,52500,311000,R
NC10,0.8130841121495327,0.1869158878504672,0.4929577464788732,0.5070422535211268,-22.15,0.29600000000000004,0.691,0.282,0.6829999999999999,200,31500,R
NC12,0.7889908256880734,0.2110091743119266,0.6842105263157895,0.3157894736842105,12.7,0.642,0.342,0.602,0.35600000000000004,66300,3810000,D
NC13,0.8108108108108109,0.1891891891891892,0.6637931034482759,0.3362068965517241,-1.64,0.5,0.483,0.466,0.49,10500,18000,D
NC14,0.7327586206896551,0.2672413793103448,0.5555555555555556,0.4444444444444444,5.54,0.573,0.41,0.524,0.426,7170000,4660,D
ND00,0.0,0.0,0.7333333333333333,0.2666666666666666,-19.84,0.318,0.6509999999999999,0.272,0.63,0,206000,R
NE01,0.8269230769230769,0.173076923076923,0.7326732673267327,0.2673267326732673,-8.67,0.433,0.5429999999999999,0.376,0.5589999999999999,3040,1610000,R
NE03,0.6938775510204082,0.3061224489795918,0.7444444444444445,0.2555555555555555,-28.89,0.231,0.7490000000000001,0.20600000000000002,0.742,51700000,1920000,R
NE02,0.6785714285714286,0.3214285714285714,0.6307692307692307,0.3692307692307692,0.17,0.521,0.45799999999999996,0.462,0.48100000000000004,127000,6390000,R
NH01,0.8615384615384616,0.1384615384615384,0.752,0.248,0.06,0.522,0.462,0.45899999999999996,0.475,60600,26700,D
NH02,0.8085106382978723,0.1914893617021276,0.7636363636363637,0.2363636363636363,1.71,0.536,0.447,0.478,0.45399999999999996,2350,1500000,D
NJ01,0.7722772277227723,0.2277227722772277,0.9029126213592232,0.0970873786407767,10.32,0.615,0.371,0.6,0.36700000000000005,22900,5160,D
NJ02,0.6666666666666666,0.3333333333333333,0.7425742574257426,0.2574257425742574,-4.81,0.46799999999999997,0.519,0.44799999999999995,0.519,6250000,117000,R
NJ04,0.7559055118110236,0.2440944881889764,0.7352941176470589,0.2647058823529412,-14.13,0.381,0.606,0.345,0.624,183000,7520000,R
NJ05,0.5797101449275363,0.4202898550724637,0.7927927927927928,0.2072072072072072,3.73,0.556,0.43200000000000005,0.522,0.445,16200,14300,D
NJ06,0.6477272727272727,0.3522727272727273,0.9216867469879518,0.0783132530120482,7.95,0.5920000000000001,0.395,0.579,0.389,51900,9190,D
NJ08,0.4587155963302752,0.5412844036697247,0.4444444444444444,0.5555555555555556,21.95,0.718,0.271,0.757,0.215,77400,118000,D
NJ03,0.9280575539568344,0.0719424460431654,0.8235294117647058,0.1764705882352941,4.61,0.564,0.423,0.53,0.435,10100000,36300,D
NJ07,0.8343949044585988,0.1656050955414012,0.9555555555555556,0.0444444444444444,-1.33,0.51,0.474,0.452,0.508,33300,13200,R
NJ10,0.7419354838709677,0.2580645161290322,0.8773584905660378,0.1226415094339622,30.01,0.809,0.183,0.8170000000000001,0.163,49800,12900,D
NJ12,0.8275862068965517,0.1724137931034483,0.75,0.25,12.09,0.665,0.322,0.6409999999999999,0.327,19900,23600,D
NJ09,0.6597938144329897,0.3402061855670103,0.7293233082706767,0.2706766917293233,8.31,0.59,0.4,0.607,0.36700000000000005,17300,411,D
NJ11,0.7716535433070866,0.2283464566929134,0.5572519083969466,0.4427480916030534,5.8,0.578,0.41,0.5379999999999999,0.43,28400,34100,D
NM03,0.8984375,0.1015625,0.8435374149659864,0.1564625850340136,3.6,0.544,0.436,0.499,0.395,3910,57400,D
NM02,0.75,0.25,0.7258064516129032,0.2741935483870967,1.12,0.519,0.46,0.47600000000000003,0.415,56700,10500,D
NM01,0.8345323741007195,0.1654676258992805,0.8,0.2,4.7,0.56,0.41600000000000004,0.474,0.395,4590,36800,D
NV01,0.6938775510204082,0.3061224489795918,0.628099173553719,0.371900826446281,2.61,0.532,0.447,0.52,0.42,24700,2680000,D
NV03,0.8333333333333334,0.1666666666666666,0.71,0.29,1.46,0.524,0.457,0.505,0.43799999999999994,64800,264000,D
NV02,0.8058252427184466,0.1941747572815534,0.6571428571428571,0.3428571428571428,-8.05,0.431,0.541,0.392,0.525,23400,11000,R
NV04,0.7433628318584071,0.2566371681415929,0.6907216494845361,0.3092783505154639,2.6,0.531,0.44799999999999995,0.523,0.418,10200,299000,D
NY01,0.900709219858156,0.0992907801418439,0.75,0.25,-2.93,0.494,0.49200000000000005,0.44,0.519,9820,369,R
NY02,0.8403361344537815,0.1596638655462184,0.7165354330708661,0.2834645669291338,-3.4,0.486,0.501,0.44799999999999995,0.514,128000,4810,R
NY03,0.7518796992481203,0.2481203007518796,0.75,0.25,1.78,0.534,0.45299999999999996,0.508,0.457,124000,1200000,R
NY04,0.7109375,0.2890625,0.8220338983050848,0.1779661016949152,5.09,0.5660000000000001,0.42100000000000004,0.5429999999999999,0.42200000000000004,13000,62300,R
NY05,0.5181818181818182,0.4818181818181818,0.7570093457943925,0.2429906542056074,30.43,0.8079999999999999,0.184,0.836,0.14400000000000002,26100,45900000,D
NY06,0.7380952380952381,0.2619047619047619,0.8928571428571429,0.1071428571428571,14.73,0.645,0.34299999999999997,0.687,0.281,35800,212,D
NY07,0.5529411764705883,0.4470588235294118,0.5714285714285714,0.4285714285714285,31.1,0.805,0.182,0.846,0.11900000000000001,7340,580000,D
NY08,0.7010309278350515,0.2989690721649484,0.8260869565217391,0.1739130434782608,25.84,0.76,0.23,0.7909999999999999,0.18600000000000003,158000,78,D
NY10,0.7432432432432432,0.2567567567567567,0.7857142857142857,0.2142857142857142,34.7,0.848,0.138,0.853,0.10800000000000001,198000,115,D
NY11,0.9210526315789472,0.0789473684210526,0.875,0.125,-5.89,0.456,0.532,0.444,0.523,13200000,15200,R
NY12,0.6728971962616822,0.3271028037383177,0.65,0.35,34.23,0.848,0.13699999999999998,0.831,0.128,28300,222,D
NY13,1.0,0.0,0.0,0.0,38.29,0.879,0.11,0.92,0.053,26100,0,D
NY14,0.6090909090909091,0.3909090909090909,0.6779661016949152,0.3220338983050847,27.94,0.777,0.213,0.8190000000000001,0.154,200000,83800,D
NY15,0.4471544715447154,0.5528455284552846,1.0,0.0,34.85,0.845,0.147,0.898,0.081,27200,51,D
NY16,0.5833333333333334,0.4166666666666667,0.9090909090909092,0.0909090909090909,20.14,0.713,0.27699999999999997,0.6970000000000001,0.267,17600,691,D
NY17,0.6880733944954128,0.3119266055045872,0.8731343283582089,0.126865671641791,2.88,0.544,0.44299999999999995,0.52,0.439,36100,77000,R
NY18,0.6771653543307087,0.3228346456692913,0.8468468468468469,0.1531531531531531,1.31,0.5329999999999999,0.45,0.479,0.47,2060000,13800,D
NY19,0.75,0.25,0.7914110429447853,0.2085889570552147,-0.43,0.512,0.466,0.45799999999999996,0.475,425000,3900,R
NY20,0.7899159663865546,0.2100840336134453,0.8933333333333333,0.1066666666666666,6.94,0.584,0.39299999999999996,0.524,0.406,8880,5220000,D
NY21,0.6171875,0.3828125,0.7076923076923077,0.2923076923076923,-8.82,0.428,0.551,0.386,0.5429999999999999,18500,46800,R
NY22,0.7936507936507936,0.2063492063492063,0.8163265306122449,0.1836734693877551,1.15,0.526,0.452,0.479,0.45799999999999996,4160,2830000,R
NY23,0.9166666666666666,0.0833333333333333,0.7142857142857143,0.2857142857142857,-11.75,0.40399999999999997,0.5760000000000001,0.35100000000000003,0.5920000000000001,23300,13400,R
NY24,0.7244094488188977,0.2755905511811024,0.7010309278350515,0.2989690721649484,-11.45,0.402,0.574,0.358,0.5720000000000001,88500,24900,R
NY25,0.7553191489361702,0.2446808510638297,0.84251968503937,0.1574803149606299,7.39,0.586,0.389,0.536,0.39899999999999997,4800,17200,D
NY26,0.7575757575757576,0.2424242424242424,0.5737704918032787,0.4262295081967213,9.03,0.608,0.374,0.555,0.397,163000,14500,D
NY09,0.7672413793103449,0.2327586206896551,0.0,0.0,25.11,0.753,0.23800000000000002,0.7829999999999999,0.19,18300,0,D
OH01,0.8053097345132744,0.1946902654867256,0.9285714285714286,0.0714285714285714,1.76,0.535,0.45,0.49700000000000005,0.457,23100,25600,D
OH03,0.704,0.296,0.7903225806451613,0.2096774193548387,19.71,0.711,0.27399999999999997,0.669,0.285,13200,442,D
OH04,0.7362637362637363,0.2637362637362637,0.66,0.34,-20.49,0.314,0.6709999999999999,0.289,0.664,1420,5140000,R
OH05,0.7720588235294118,0.2279411764705882,0.6909090909090909,0.3090909090909091,-15.48,0.358,0.626,0.349,0.599,7890,8600,R
OH06,0.746031746031746,0.2539682539682539,0.7387387387387387,0.2612612612612612,-16.11,0.35,0.637,0.35700000000000004,0.603,399,21500000,R
OH07,0.656,0.344,0.7894736842105263,0.2105263157894736,-6.98,0.44799999999999995,0.54,0.42100000000000004,0.536,1870,5400000,R
OH09,0.75,0.25,0.625,0.375,-3.22,0.47700000000000004,0.506,0.46799999999999997,0.47700000000000004,18700,13500,D
OH10,0.6306306306306306,0.3693693693693693,0.6534653465346535,0.3465346534653465,-4.12,0.474,0.509,0.446,0.507,624,5290000,R
OH11,0.7463768115942029,0.2536231884057971,0.7723577235772358,0.2276422764227642,27.63,0.7829999999999999,0.207,0.789,0.183,4710,86800,D
OH13,0.7744360902255639,0.225563909774436,0.7115384615384616,0.2884615384615384,-0.63,0.507,0.479,0.489,0.46799999999999997,15600,1600,D
OH14,0.7868852459016393,0.2131147540983606,0.751937984496124,0.2480620155038759,-9.44,0.419,0.568,0.41,0.546,2140,1030000,R
OH15,0.7571428571428571,0.2428571428571428,0.8045977011494253,0.1954022988505747,-5.92,0.45799999999999996,0.526,0.424,0.528,3530,1140000,R
OH02,0.5072463768115942,0.4927536231884058,0.6530612244897959,0.3469387755102041,-24.87,0.266,0.72,0.263,0.6970000000000001,33600,7420,R
OH08,0.7473684210526316,0.2526315789473684,0.5853658536585366,0.4146341463414634,-13.74,0.38299999999999995,0.603,0.349,0.609,4360,133000,R
OH12,0.8333333333333334,0.1666666666666666,0.76,0.24,-17.58,0.33799999999999997,0.647,0.33,0.623,88,4570,R
OK01,0.65625,0.34375,0.7578947368421053,0.2421052631578947,-13.87,0.381,0.594,0.332,0.609,19000000,10300,R
OK03,0.6886792452830188,0.3113207547169811,0.7297297297297297,0.2702702702702703,-24.37,0.275,0.703,0.247,0.6970000000000001,59500,1400000,R
OK04,0.7619047619047619,0.238095238095238,0.7105263157894737,0.2894736842105263,-18.55,0.33299999999999996,0.642,0.293,0.647,11300,3090000,R
OK02,0.9148936170212766,0.0851063829787234,0.8195488721804511,0.1804511278195488,-28.89,0.22399999999999998,0.758,0.22899999999999998,0.727,56500,1300,R
OK05,0.8723404255319149,0.1276595744680851,0.780952380952381,0.219047619047619,-12.4,0.395,0.579,0.342,0.589,8390,7750,R
OR02,0.7821782178217822,0.2178217821782178,0.6491228070175439,0.3508771929824561,-15.21,0.364,0.607,0.313,0.59,1790,4650,R
OR03,0.7090909090909091,0.2909090909090909,0.7357142857142858,0.2642857142857143,22.18,0.72,0.25,0.6659999999999999,0.23399999999999999,16900,22300,D
OR04,0.7029702970297029,0.297029702970297,0.7217391304347827,0.2782608695652174,4.05,0.547,0.42,0.485,0.405,5780,18600,D
OR05,0.7435897435897436,0.2564102564102564,0.9047619047619048,0.0952380952380952,1.82,0.528,0.44,0.45899999999999996,0.43,10400,14000,R
OR01,0.8360655737704918,0.1639344262295081,0.7821782178217822,0.2178217821782178,17.74,0.679,0.28800000000000003,0.607,0.281,4830,361000,D
OR06,1.0,0.0,0.7583333333333333,0.2416666666666666,4.06,0.5479999999999999,0.41700000000000004,0.474,0.40700000000000003,66700,75900,D
PA01,0.7969924812030075,0.2030075187969924,0.7165354330708661,0.2834645669291338,-0.13,0.518,0.47200000000000003,0.485,0.478,840,199000,R
PA03,0.8771929824561403,0.1228070175438596,0.0,0.0,38.99,0.9009999999999999,0.092,0.899,0.08,72000,0,D
PA04,0.7934782608695652,0.2065217391304347,0.8048780487804879,0.1951219512195122,7.01,0.589,0.4,0.55,0.41100000000000003,46300,41700,D
PA05,0.8137254901960784,0.1862745098039215,0.9629629629629628,0.037037037037037,13.97,0.657,0.33399999999999996,0.63,0.34,9970,157,D
PA06,0.8214285714285714,0.1785714285714285,0.7727272727272727,0.2272727272727272,4.76,0.568,0.42,0.524,0.435,6820,1590,D
PA07,0.8762886597938144,0.1237113402061855,0.7763157894736842,0.2236842105263158,-2.12,0.49700000000000005,0.491,0.467,0.495,421000,7230,D
PA08,0.7938931297709924,0.2061068702290076,0.7156862745098039,0.284313725490196,-4.12,0.48,0.509,0.444,0.525,39300,3350,D
PA10,0.8278688524590164,0.1721311475409836,0.6354166666666666,0.3645833333333333,-4.85,0.47200000000000003,0.513,0.429,0.528,827,2180000,R
PA11,0.8015267175572519,0.1984732824427481,0.6339285714285714,0.3660714285714285,-13.42,0.386,0.599,0.349,0.603,19700,6820,R
PA12,0.7966101694915254,0.2033898305084746,0.7217391304347827,0.2782608695652174,7.85,0.594,0.395,0.5710000000000001,0.396,17200000,292000,D
PA13,0.0,0.0,0.7835051546391752,0.2164948453608247,-25.12,0.268,0.72,0.252,0.7140000000000001,0,1720000,R
PA14,0.0,0.0,0.7636363636363637,0.2363636363636363,-18.07,0.337,0.652,0.324,0.644,0,9610,R
PA16,0.8522727272727273,0.1477272727272727,0.8429752066115702,0.1570247933884297,-12.71,0.39,0.597,0.369,0.59,50200,14800000,R
PA17,0.8914728682170543,0.1085271317829457,0.7410714285714286,0.2589285714285714,0.37,0.523,0.465,0.48700000000000004,0.47600000000000003,7080,15100,D
PA02,0.7982456140350878,0.2017543859649122,0.7209302325581395,0.2790697674418604,20.46,0.71,0.28300000000000003,0.735,0.243,55400,19900,D
PA09,0.6290322580645161,0.3709677419354839,0.7634408602150538,0.2365591397849462,-21.03,0.31,0.675,0.282,0.6779999999999999,3690,8780,R
PA15,1.0,0.0,0.8363636363636363,0.1636363636363636,-20.79,0.308,0.6779999999999999,0.298,0.662,175,174000,R
RI01,0.6460176991150443,0.3539823008849557,0.6991150442477876,0.3008849557522124,12.39,0.635,0.345,0.591,0.344,39200,247000,D
RI02,0.6825396825396826,0.3174603174603174,0.7931034482758621,0.2068965517241379,4.24,0.5579999999999999,0.42200000000000004,0.502,0.429,7840,11200,D
SC02,0.8434782608695652,0.1565217391304348,0.6730769230769231,0.3269230769230769,-8.27,0.439,0.545,0.389,0.561,548,13900000,R
SC03,0.0,0.0,0.5982905982905983,0.4017094017094017,-21.15,0.306,0.68,0.29100000000000004,0.669,0,335000,R
SC04,0.0,0.0,0.7215189873417721,0.2784810126582278,-12.22,0.39799999999999996,0.584,0.354,0.5920000000000001,0,26800,R
SC06,0.6808510638297872,0.3191489361702128,0.8173913043478261,0.1826086956521739,14.33,0.653,0.332,0.639,0.32299999999999995,59100,12100,D
SC07,0.8346456692913385,0.1653543307086614,0.8532110091743119,0.146788990825688,-11.48,0.402,0.588,0.391,0.58,165000,53600,R
SC01,0.7788461538461539,0.2211538461538461,0.71875,0.28125,-7.24,0.44799999999999995,0.535,0.39799999999999996,0.545,63500,36100,R
SC05,0.8360655737704918,0.1639344262295081,0.6049382716049383,0.3950617283950617,-11.53,0.402,0.584,0.379,0.5820000000000001,221,127000,R
SD00,0.0,0.0,0.2075471698113207,0.7924528301886793,-16.05,0.35600000000000004,0.618,0.317,0.615,0,89300,R
TN01,1.0,0.0,0.4354838709677419,0.5645161290322581,-30.06,0.22,0.763,0.196,0.764,72100,4230,R
TN02,0.6923076923076923,0.3076923076923077,0.6952380952380952,0.3047619047619048,-17.82,0.344,0.637,0.295,0.647,142000,8310,R
TN03,0.824,0.176,0.3671875,0.6328125,-18.8,0.331,0.65,0.299,0.6509999999999999,5400,6750,R
TN04,0.7184466019417476,0.2815533980582524,0.512396694214876,0.4876033057851239,-21.77,0.302,0.679,0.273,0.684,50000,6200,R
TN05,0.7672413793103449,0.2327586206896551,0.6101694915254238,0.3898305084745763,-8.56,0.43200000000000005,0.545,0.385,0.556,90100,6420,R
TN06,0.8153846153846154,0.1846153846153846,0.9013157894736842,0.0986842105263157,-17.3,0.345,0.637,0.319,0.637,14800,36800000,R
TN07,0.65,0.35,0.4293785310734463,0.5706214689265536,-10.05,0.413,0.564,0.38799999999999996,0.56,25700,250000000,R
TN08,0.7938144329896907,0.2061855670103092,0.6953125,0.3046875,-21.23,0.306,0.68,0.28800000000000003,0.6779999999999999,4090,3580,R
TN09,0.6578947368421053,0.3421052631578947,0.7593984962406015,0.2406015037593984,22.39,0.732,0.251,0.718,0.25,894000,5520,D
TX01,0.6587301587301587,0.3412698412698413,0.868421052631579,0.131578947368421,-25.53,0.265,0.723,0.24600000000000002,0.7240000000000001,4130,18200,R
TX02,0.7786885245901639,0.221311475409836,0.5480769230769231,0.4519230769230769,-14.83,0.379,0.607,0.316,0.633,15000,25900,R
TX03,0.6973684210526315,0.3026315789473684,0.8449612403100775,0.1550387596899224,-10.92,0.419,0.563,0.34,0.6,8420,2800000,R
TX04,0.8095238095238095,0.1904761904761904,0.5425531914893617,0.4574468085106383,-16.39,0.363,0.623,0.305,0.648,267,65900,R
TX05,0.7619047619047619,0.238095238095238,0.7094017094017094,0.2905982905982906,-14.23,0.382,0.606,0.33899999999999997,0.628,186,10200,R
TX06,0.0,0.0,0.8469387755102041,0.1530612244897959,-15.12,0.374,0.613,0.325,0.637,0,4820,R
TX07,0.672,0.328,0.6610169491525424,0.3389830508474576,13.29,0.642,0.344,0.625,0.326,13900,12700,D
TX08,0.7966101694915254,0.2033898305084746,0.7711864406779662,0.2288135593220339,-16.44,0.358,0.629,0.321,0.64,10300000,4830,R
TX09,0.4493670886075949,0.5506329113924051,0.6944444444444444,0.3055555555555556,25.68,0.7609999999999999,0.22699999999999998,0.77,0.19699999999999998,727000000,197000,D
TX10,0.6071428571428571,0.3928571428571428,0.6814159292035398,0.3185840707964602,-12.59,0.397,0.584,0.34,0.602,29700,43400,R
TX11,0.0,0.0,0.719626168224299,0.2803738317757009,-22.83,0.29100000000000004,0.6940000000000001,0.26899999999999996,0.691,0,23400,R
TX12,0.672,0.328,0.5084745762711864,0.4915254237288136,-12.26,0.401,0.5820000000000001,0.34600000000000003,0.602,122000,24200,R
TX13,0.7364341085271318,0.2635658914728682,0.5360824742268041,0.4639175257731959,-26.05,0.264,0.7190000000000001,0.221,0.735,1860000,32000,R
TX14,0.8527131782945736,0.1472868217054263,0.6781609195402298,0.3218390804597701,-16.52,0.35,0.635,0.33899999999999997,0.624,33100,54400,R
TX15,0.5739130434782609,0.4260869565217391,0.7304964539007093,0.2695035460992908,-1.35,0.48100000000000004,0.509,0.547,0.415,28200,120000,R
TX16,0.7181818181818181,0.2818181818181818,0.6444444444444445,0.3555555555555555,17.06,0.669,0.315,0.68,0.261,28800,541,D
TX17,0.6891891891891891,0.3108108108108108,0.6067415730337079,0.3932584269662921,-14.32,0.379,0.605,0.336,0.619,42900,205000,R
TX18,0.5405405405405406,0.4594594594594595,0.725,0.275,23.16,0.735,0.251,0.738,0.222,61900,68700,D
TX19,0.0,0.0,0.7835051546391752,0.2164948453608247,-25.92,0.262,0.723,0.23399999999999999,0.7190000000000001,0,6600,R
TX20,0.7647058823529411,0.2352941176470588,0.73,0.27,14.88,0.657,0.326,0.63,0.311,87800,50100,D
TX21,0.7951807228915663,0.2048192771084337,0.6301369863013698,0.3698630136986301,-13.16,0.39399999999999996,0.591,0.33299999999999996,0.611,60600,173000,R
TX22,0.7226890756302521,0.2773109243697479,0.54,0.46,-11.05,0.415,0.57,0.35700000000000004,0.599,3520000,10200,R
TX23,0.7777777777777778,0.2222222222222222,0.6831683168316832,0.3168316831683168,-5.27,0.457,0.53,0.455,0.496,95000,62200,R
TX24,0.7971014492753623,0.2028985507246377,0.6788990825688074,0.3211009174311927,-9.81,0.431,0.5529999999999999,0.354,0.593,101000,3940,R
TX25,0.0,0.0,0.7264957264957265,0.2735042735042735,-18.66,0.337,0.649,0.295,0.6629999999999999,0,10100000,R
TX26,0.0,0.0,0.6388888888888888,0.3611111111111111,-13.04,0.4,0.585,0.321,0.627,0,247000,R
TX27,0.8469387755102041,0.1530612244897959,0.7764705882352941,0.2235294117647059,-13.32,0.381,0.605,0.37200000000000005,0.588,670,15700000,R
TX29,0.6078431372549019,0.392156862745098,0.9545454545454546,0.0454545454545454,18.45,0.6779999999999999,0.31,0.73,0.23399999999999999,55400,269,D
TX30,0.84,0.16,0.5585585585585585,0.4414414414414414,26.8,0.778,0.21,0.767,0.204,10900,1830000,D
TX28,0.7421875,0.2578125,0.7739130434782608,0.2260869565217391,3.2,0.528,0.45799999999999996,0.574,0.38299999999999995,34400,3160,D
TX31,0.0,0.0,0.7101449275362319,0.2898550724637681,-13.72,0.38799999999999996,0.591,0.318,0.617,0,24600000,R
TX32,0.8214285714285714,0.1785714285714285,0.8828828828828829,0.1171171171171171,14.05,0.6559999999999999,0.326,0.605,0.344,56600,599,D
TX33,0.7657657657657657,0.2342342342342342,0.5765765765765766,0.4234234234234234,23.68,0.742,0.243,0.7390000000000001,0.22399999999999998,7410,50300,D
TX34,0.7058823529411765,0.2941176470588235,0.6935483870967742,0.3064516129032258,8.6,0.5720000000000001,0.41700000000000004,0.6609999999999999,0.299,96800,40900,D
TX35,0.6909090909090909,0.3090909090909091,0.765625,0.234375,20.98,0.716,0.264,0.6809999999999999,0.257,18500,73600,D
TX36,0.7857142857142857,0.2142857142857142,0.453125,0.546875,-18.29,0.336,0.652,0.316,0.649,2990,12400,R
TX37,0.7522123893805309,0.247787610619469,0.9032258064516128,0.0967741935483871,24.29,0.752,0.226,0.688,0.237,12600,24700,D
TX38,0.9104477611940298,0.0895522388059701,0.7606837606837606,0.2393162393162393,-12.38,0.402,0.584,0.342,0.609,340,97400,R
UT01,0.6621621621621622,0.3378378378378378,0.6551724137931034,0.3448275862068966,-12.29,0.376,0.57,0.285,0.43700000000000006,4520000,788000,R
UT02,0.864406779661017,0.135593220338983,0.6333333333333333,0.3666666666666666,-11.24,0.391,0.56,0.307,0.46799999999999997,2770000,6620000,R
UT04,0.7378640776699029,0.2621359223300971,0.8295454545454546,0.1704545454545454,-15.94,0.344,0.6,0.243,0.45299999999999996,30200,23300,R
UT03,0.8613861386138614,0.1386138613861386,0.7209302325581395,0.2790697674418604,-13.08,0.376,0.568,0.262,0.46299999999999997,158000,3450000,R
VA01,0.6909090909090909,0.3090909090909091,0.72,0.28,-6.34,0.457,0.524,0.401,0.537,271000,18000,R
VA02,0.796875,0.203125,0.6434108527131783,0.3565891472868217,-2.05,0.499,0.48100000000000004,0.44299999999999995,0.498,27500,12900,R
VA03,0.6363636363636364,0.3636363636363636,0.7129629629629629,0.287037037037037,17.04,0.6809999999999999,0.299,0.639,0.307,17500000,141,D
VA04,0.7796610169491526,0.2203389830508474,0.7590361445783133,0.2409638554216867,15.75,0.6709999999999999,0.313,0.633,0.32,105000,213000,D
VA05,0.9615384615384616,0.0384615384615384,0.9447236180904522,0.0552763819095477,-6.62,0.45,0.532,0.418,0.531,332,89500000,R
VA06,0.711864406779661,0.288135593220339,0.7378640776699029,0.2621359223300971,-13.83,0.38,0.601,0.34299999999999997,0.599,4870000,64900,R
VA07,0.6440677966101694,0.3559322033898305,0.6956521739130435,0.3043478260869565,0.88,0.524,0.457,0.48100000000000004,0.45899999999999996,42700,14700,D
VA08,0.8409090909090909,0.1590909090909091,0.7096774193548387,0.2903225806451613,26.27,0.767,0.21100000000000002,0.723,0.207,23600,234,D
VA09,0.8666666666666667,0.1333333333333333,0.8189655172413793,0.1810344827586207,-23.32,0.28300000000000003,0.7020000000000001,0.272,0.684,748,82500,R
VA10,0.7457627118644068,0.2542372881355932,0.6953125,0.3046875,5.92,0.58,0.4,0.505,0.429,16100,1800000,D
VA11,0.7669902912621359,0.233009708737864,0.7027027027027027,0.2972972972972973,18.29,0.695,0.284,0.634,0.295,30100,229000,D
VT00,0.8976377952755905,0.1023622047244094,0.7338709677419355,0.2661290322580645,15.54,0.6609999999999999,0.307,0.557,0.298,14200,50700,D
WA01,0.7117117117117117,0.2882882882882883,0.7333333333333333,0.2666666666666666,13.31,0.635,0.331,0.589,0.331,9570,865,D
WA09,0.7910447761194029,0.208955223880597,0.6702127659574468,0.3297872340425531,21.11,0.71,0.263,0.687,0.249,25800000,3100,D
WA02,0.7009345794392523,0.2990654205607476,0.6637168141592921,0.336283185840708,9.29,0.597,0.37,0.55,0.37,30900,232000,D
WA03,0.6785714285714286,0.3214285714285714,0.6060606060606061,0.3939393939393939,-4.62,0.46299999999999997,0.505,0.424,0.5,23600,1540000,D
WA04,0.7352941176470589,0.2647058823529412,0.7961165048543689,0.203883495145631,-11.41,0.4,0.569,0.35600000000000004,0.573,10700000,34200,R
WA05,0.7472527472527473,0.2527472527472527,0.7293233082706767,0.2706766917293233,-7.74,0.43200000000000005,0.531,0.387,0.527,173000,29700,R
WA06,0.7345132743362832,0.2654867256637168,0.9310344827586208,0.0689655172413793,6.31,0.5670000000000001,0.396,0.516,0.397,14800,267,D
WA07,0.616822429906542,0.3831775700934579,0.6974789915966386,0.3025210084033613,36.5,0.863,0.11199999999999999,0.8340000000000001,0.11,57200,180000,D
WA08,0.9,0.1,0.76,0.24,1.05,0.517,0.45,0.47700000000000004,0.445,16200,79600,D
WA10,0.7889908256880734,0.2110091743119266,0.7289719626168224,0.2710280373831775,6.66,0.569,0.39299999999999996,0.522,0.391,7000,7990,D
WI01,0.6851851851851852,0.3148148148148148,0.6617647058823529,0.3382352941176471,-3.1,0.48100000000000004,0.501,0.455,0.48200000000000004,63900,51500,R
WI02,0.6218487394957983,0.3781512605042016,0.3623188405797101,0.6376811594202898,18.93,0.7,0.28300000000000003,0.6559999999999999,0.27899999999999997,17100,164000,D
WI03,0.7181818181818181,0.2818181818181818,0.5128205128205128,0.4871794871794871,-4.36,0.467,0.514,0.44299999999999995,0.488,8220,12000,R
WI04,0.7640449438202247,0.2359550561797752,0.8181818181818182,0.1818181818181818,24.76,0.7559999999999999,0.22699999999999998,0.72,0.223,121000,1710000,D
WI05,0.8292682926829268,0.1707317073170731,0.8278688524590164,0.1721311475409836,-14.29,0.37799999999999995,0.606,0.33299999999999996,0.602,2360,311000,R
WI06,0.0,0.0,0.6698113207547169,0.330188679245283,-10.24,0.413,0.569,0.38,0.551,0,6600,R
WI07,0.6785714285714286,0.3214285714285714,0.6548672566371682,0.3451327433628318,-12.27,0.392,0.591,0.369,0.5720000000000001,709,3000000,R
WI08,0.0,0.0,0.7352941176470589,0.2647058823529412,-10.16,0.414,0.569,0.385,0.556,0,375000,R
WV01,0.831081081081081,0.1689189189189189,0.7349397590361446,0.2650602409638554,-23.23,0.28800000000000003,0.6970000000000001,0.258,0.687,19100,280000,R
WV02,0.8,0.2,0.6299212598425197,0.3700787401574803,-21.52,0.306,0.6759999999999999,0.265,0.67,25200,41600,R
WY00,0.8611111111111112,0.1388888888888889,0.7777777777777778,0.2222222222222222,-25.27,0.266,0.6990000000000001,0.21899999999999997,0.682,1010,12600,R
